"treat","female","dayslink","daysdrink","daysanysub","pcs","mcs","cesd","sexrisk","drugrisk","anysubstatus","drinkstatus"
1,0,225,177,177,58.413688659668,25.1119899749756,49,4,0,1,1
0,0,365,3,3,74.8063278198242,6.76292324066162,39,2,20,1,1
0,1,343,196,189,61.9316787719727,43.9678802490234,15,4,0,1,0
0,0,57,2,2,37.3455848693848,21.6757545471191,39,6,0,1,1
1,1,365,31,31,46.475212097168,55.5089912414551,6,5,0,1,1
1,0,365,47,47,65.1380081176758,9.16053009033203,32,6,7,1,1
0,1,365,62,31,38.2708778381348,22.0296783447266,50,8,18,1,1
1,0,382,115,115,22.6105976104736,36.1437606811523,46,0,20,1,1
0,1,365,192,192,41.9337615966797,13.3822050094604,49,0,0,0,0
0,0,365,6,6,39.2426414489746,49.0893020629883,22,1,0,1,1
1,0,22,6,6,31.8296489715576,25.8461570739746,36,4,0,1,1
1,0,443,0,0,55.1699752807617,23.6084442138672,43,8,0,1,1
1,1,41,183,27,44.7765121459961,29.7998275756836,35,3,0,1,0
0,0,405,181,2,56.4383697509766,42.1664619445801,19,4,0,1,0
0,0,449,220,220,58.2980728149414,16.732292175293,40,4,0,0,0
1,1,49,198,198,37.4521369934082,15.4582710266113,52,3,10,0,0
0,0,367,52,52,34.3392601013184,55.1281089782715,37,7,0,1,1
1,0,272,243,129,61.6409797668457,47.2867393493652,18,4,0,1,0
0,0,428,6,3,51.5632362365723,44.4421043395996,28,9,0,1,1
0,1,365,67,67,36.0100746154785,21.6684741973877,19,7,0,1,1
1,0,56,154,154,63.06005859375,37.3715553283691,30,5,0,1,1
1,0,361,34,34,61.8259735107422,34.3356666564941,27,4,1,1,1
0,0,365,204,204,43.5337409973145,46.3407554626465,24,5,0,0,0
1,0,79,142,142,42.2249031066895,27.7177104949951,47,2,0,1,1
0,0,364,189,189,42.4005928039551,18.9843235015869,45,6,0,0,0
0,0,365,270,4,50.1469993591309,58.2412643432617,18,0,0,1,0
1,0,203,203,203,63.5200042724609,27.8526077270508,11,5,3,0,0
1,0,354,193,193,53.3510932922363,54.7743492126465,26,2,0,0,0
1,0,29,17,10,56.7398490905762,27.4954814910889,29,0,0,1,1
1,0,365,177,177,53.2339630126953,56.324333190918,34,3,0,1,1
0,0,365,195,195,62.0411338806152,37.0060424804688,37,4,0,0,0
0,0,365,9,7,38.3952941894531,39.8977737426758,23,4,1,1,1
0,0,365,14,14,51.303295135498,18.6405944824219,41,0,0,1,1
1,0,414,191,191,71.3925933837891,15.8619241714478,16,7,0,0,0
1,0,414,31,31,52.6197738647461,24.1488151550293,36,7,0,1,1
0,0,43,174,174,36.0458755493164,29.9016246795654,17,6,0,0,0
1,0,38,33,17,50.064266204834,29.4129772186279,36,4,7,1,1
1,1,14,23,23,52.6989784240723,59.4540939331055,5,4,0,1,1
0,0,377,2,2,56.3866882324219,20.9998931884766,25,1,0,1,1
1,0,26,209,209,45.4834060668945,17.9252510070801,44,9,21,0,0
1,0,18,181,111,63.0580711364746,34.4346961975098,29,7,0,1,0
1,1,365,17,17,46.750862121582,24.0003147125244,46,7,0,1,1
0,0,171,137,137,29.4562492370605,47.6719360351562,16,3,0,1,1
1,0,27,4,4,40.4605598449707,26.6530361175537,44,4,0,1,1
0,0,190,3,3,57.2021293640137,28.4692726135254,42,2,0,1,1
1,0,30,18,18,47.6051445007324,26.0657768249512,30,4,0,1,1
0,0,365,2,2,50.1631813049316,31.5017108917236,25,6,1,1,1
0,0,365,1,1,50.3987007141113,24.998929977417,26,7,0,1,1
1,1,19,181,181,55.233715057373,33.3741722106934,29,4,0,0,0
0,1,365,180,180,35.124698638916,27.57546043396,33,4,1,0,0
1,0,400,36,36,52.6887054443359,35.8396415710449,28,6,0,1,1
0,0,431,252,252,36.9805793762207,20.0253410339355,44,6,0,0,0
0,0,195,195,195,64.2902221679688,25.8125915527344,29,9,0,0,0
1,1,34,181,181,36.0401573181152,17.7059631347656,57,4,0,0,0
1,0,48,107,103,45.1849899291992,23.9967250823975,31,6,8,1,1
1,0,365,78,78,27.3666286468506,38.7521018981934,28,5,0,1,1
0,0,129,9,9,58.2589454650879,34.8399620056152,29,8,0,1,1
0,0,365,4,4,48.7913627624512,33.1159133911133,34,9,0,1,1
1,0,44,177,177,68.1239547729492,17.449857711792,36,6,0,0,0
1,0,77,4,4,42.6289367675781,19.3448066711426,40,11,10,1,1
1,0,35,47,47,59.567081451416,26.2219676971436,29,7,0,1,1
0,0,365,5,5,44.1699523925781,34.2109756469727,31,4,0,1,1
0,1,365,175,175,43.9429550170898,28.8584976196289,37,3,0,1,1
1,0,115,168,168,59.824535369873,26.9182224273682,32,5,3,1,1
0,0,386,20,20,38.4609031677246,39.298168182373,16,2,1,1,1
1,0,365,55,55,37.185188293457,47.5506782531738,15,1,0,1,1
1,0,63,245,56,56.5047607421875,54.0533676147461,4,1,1,1,0
1,0,35,63,63,28.8547210693359,20.2021732330322,44,5,14,1,1
1,0,136,222,222,55.9808311462402,16.3024215698242,49,4,0,1,1
1,0,37,9,9,48.0573272705078,15.7549839019775,30,10,1,1,1
1,0,349,16,16,30.2340545654297,23.6599254608154,48,3,0,1,1
0,0,365,102,102,55.5012168884277,15.6183710098267,39,7,0,1,1
1,0,365,2,2,54.1321716308594,15.1964769363403,51,0,0,1,1
0,0,365,26,3,46.7506332397461,50.7888450622559,17,5,7,1,1
0,0,399,63,63,40.1831016540527,23.5546169281006,37,6,0,1,1
1,0,112,193,47,43.6214218139648,45.4026260375977,28,4,17,1,0
1,1,18,201,201,54.1085357666016,24.7471714019775,39,4,0,0,0
0,0,365,114,114,48.8997840881348,12.4328870773315,38,13,0,1,1
0,1,358,183,183,36.6887359619141,41.3216285705566,26,10,0,0,0
1,0,169,183,183,43.0014762878418,21.9126300811768,47,9,0,0,0
1,0,325,0,0,48.8984413146973,16.2846946716309,34,4,17,1,1
0,0,345,2,2,40.8823890686035,41.5905570983887,33,9,0,1,1
1,0,104,17,17,28.9300918579102,39.4509925842285,28,3,0,1,1
1,0,36,183,183,60.9204750061035,42.5399742126465,4,7,0,0,0
1,1,365,15,15,49.2904243469238,37.4389343261719,15,3,0,1,1
0,0,365,11,11,35.3937911987305,22.6699714660645,40,3,0,1,1
0,1,49,178,178,33.4892501831055,20.3104457855225,35,0,0,0,0
1,0,169,163,163,59.1059989929199,40.6761741638184,21,7,0,1,1
1,0,399,184,7,42.0128479003906,28.0759391784668,33,4,1,1,0
0,0,358,4,4,45.0161781311035,21.460620880127,45,0,0,1,1
1,1,365,68,68,37.797176361084,28.5055770874023,45,7,0,1,1
0,0,387,185,185,48.8768081665039,33.6529273986816,31,7,0,1,1
1,0,126,1,1,38.136058807373,45.4911003112793,22,6,0,1,1
1,0,52,183,183,50.2153282165527,34.5988616943359,31,5,9,0,0
1,1,413,168,12,40.2427101135254,22.0174999237061,48,5,0,1,0
0,0,50,185,185,36.2483863830566,29.082914352417,48,7,0,0,0
1,0,42,183,183,59.4764823913574,18.6901550292969,46,5,0,0,0
1,0,30,186,186,53.6653709411621,47.1458015441895,10,6,0,0,0
0,0,113,146,146,29.7852916717529,33.5173110961914,31,2,0,1,1
0,0,369,5,5,53.7595024108887,24.0905094146729,26,7,0,1,1
0,1,365,31,31,57.387767791748,50.0304336547852,15,2,0,1,1
0,0,365,57,57,44.9240608215332,30.0719566345215,20,1,7,1,1
0,0,414,0,0,61.7861137390137,28.679744720459,38,6,8,1,1
1,0,58,178,178,54.3544387817383,20.5177402496338,39,4,0,0,0
1,0,368,256,256,55.7497177124023,31.1881427764893,46,7,0,0,0
0,0,364,61,61,61.4447402954102,43.8810577392578,17,8,0,1,1
1,1,365,12,12,55.7384452819824,52.1974830627441,29,7,0,1,1
0,1,380,28,28,30.508113861084,36.6514625549316,39,0,0,1,1
1,0,38,0,0,31.0038013458252,22.6406517028809,49,0,0,1,1
1,0,31,164,164,26.4569416046143,39.2704162597656,43,3,0,0,0
0,0,330,16,13,40.4664459228516,18.7710361480713,45,0,10,1,1
1,0,29,163,163,54.0781707763672,50.0184936523438,29,2,0,0,0
0,1,218,117,117,43.2406196594238,18.324743270874,38,11,0,1,1
0,1,146,3,3,38.1022682189941,40.0329742431641,19,7,0,1,1
1,0,15,9,9,66.5931701660156,25.6155071258545,23,4,0,1,1
1,0,14,144,144,49.2798118591309,14.3588809967041,44,7,0,1,1
0,0,140,11,11,58.1664199829102,27.1226673126221,12,7,0,1,1
1,0,365,177,1,31.5286083221436,36.8237075805664,35,5,0,1,0
0,0,365,27,27,49.3632011413574,17.5092735290527,47,8,0,1,1
0,1,348,190,0,21.9190559387207,43.3535842895508,34,8,14,1,0
0,0,365,61,61,60.4181632995605,52.4558448791504,27,3,0,1,1
0,1,365,2,2,41.6699256896973,33.2599563598633,24,3,1,1,1
1,0,30,183,183,54.3691291809082,23.0585136413574,31,6,0,0,0
0,1,78,190,190,57.643611907959,37.9534034729004,41,0,0,0,0
0,1,365,184,184,23.482084274292,54.7685394287109,34,0,0,0,0
1,0,22,192,192,23.5023746490479,46.1198081970215,26,3,0,0,0
0,0,78,169,166,58.1651039123535,59.453929901123,1,2,0,1,0
1,1,365,247,247,57.8369064331055,14.9193096160889,38,5,0,0,0
1,1,348,117,82,56.9028587341309,40.4624328613281,37,4,0,1,1
0,0,357,162,162,54.5966186523438,46.7297439575195,16,0,0,0,0
1,0,12,47,47,47.363525390625,37.6749610900879,33,7,0,1,1
0,0,50,88,88,56.8996276855469,57.2608871459961,4,5,0,1,1
0,1,136,172,172,58.4945487976074,16.4699859619141,34,8,0,0,0
1,0,22,63,63,48.4833068847656,35.2356109619141,40,5,0,1,1
1,0,7,94,94,56.3949890136719,48.239128112793,39,2,0,1,1
1,0,70,73,73,47.350830078125,30.371395111084,32,5,0,1,1
0,1,365,7,7,43.2502136230469,26.3114738464355,40,5,0,1,1
0,0,331,33,33,29.1113929748535,22.8843688964844,51,4,0,1,1
1,0,76,183,183,34.5801162719727,30.2800178527832,40,4,0,1,1
1,0,183,9,9,48.2789878845215,47.979434967041,22,4,0,1,1
1,1,428,215,215,48.9717559814453,13.9687376022339,42,4,0,1,1
0,0,307,93,32,46.7689399719238,26.4537582397461,35,5,1,1,1
0,0,353,74,74,50.2587585449219,52.78955078125,27,6,0,1,1
1,0,272,4,4,25.6181468963623,27.8081092834473,39,1,0,1,1
1,1,40,12,11,37.3586502075195,23.54762840271,30,2,0,1,1
1,0,37,197,70,53.0550384521484,27.6509666442871,35,5,0,1,0
0,0,365,2,2,43.0058670043945,27.1775856018066,34,11,0,1,1
1,0,12,59,59,60.1065788269043,52.9552955627441,33,4,0,1,1
0,0,294,16,16,35.4668273925781,24.8139247894287,39,5,0,1,1
1,1,365,4,4,51.4955558776855,31.7811489105225,33,8,0,1,1
0,0,350,170,170,42.3260269165039,16.3987464904785,43,6,0,0,0
1,0,440,2,2,57.7855644226074,36.7981986999512,30,7,0,1,1
1,0,236,11,11,32.5878257751465,55.9910049438477,12,13,0,1,1
0,0,365,20,20,53.0467758178711,41.6244049072266,42,2,0,1,1
1,0,35,32,32,46.3350791931152,19.6456317901611,31,5,5,1,1
0,0,456,188,188,61.6026153564453,37.953052520752,17,4,0,0,0
0,0,46,123,7,46.7604026794434,29.5058345794678,24,3,6,1,1
1,0,368,31,31,49.8775939941406,21.9312572479248,29,2,0,1,1
0,0,365,259,2,36.6376991271973,28.5587882995605,33,5,0,1,0
1,1,365,224,5,33.0764198303223,20.9113368988037,51,4,1,1,0
1,0,365,76,52,46.9867401123047,25.5484981536865,42,3,1,1,1
0,1,41,179,179,37.8387222290039,27.6014308929443,37,6,0,0,0
1,0,365,62,2,40.1178359985352,41.1954689025879,14,3,0,1,1
0,0,425,94,94,30.2728233337402,36.7192001342773,26,4,0,1,1
0,0,365,94,94,51.7498931884766,48.0081367492676,36,0,0,1,1
1,1,365,33,33,64.3502960205078,34.747745513916,41,1,4,1,1
1,1,365,2,2,35.7066421508789,16.7188186645508,48,11,0,1,1
1,1,26,233,1,32.4477157592773,20.2203540802002,45,9,0,1,0
0,0,207,231,45,35.8937835693359,24.3789253234863,44,4,0,1,0
1,0,365,0,0,59.3427352905273,58.899959564209,9,6,0,1,1
1,0,358,16,16,54.0861358642578,34.5415992736816,18,8,0,1,1
0,1,427,1,1,39.0927925109863,17.9269847869873,45,6,0,1,1
1,0,30,3,3,51.2427101135254,23.1378707885742,33,2,0,1,1
1,0,41,205,132,33.0357055664062,22.9399089813232,32,2,0,1,0
0,0,412,0,0,25.9242248535156,34.4127159118652,37,8,3,1,1
0,1,324,136,136,36.5240669250488,22.2375602722168,39,5,0,1,1
1,1,374,2,2,52.5140419006348,7.03530740737915,51,7,9,1,1
1,0,365,3,3,51.0891342163086,28.7474346160889,40,6,0,1,1
1,0,373,30,30,51.0118026733398,55.9125785827637,8,6,0,1,1
0,0,356,1,1,40.4200630187988,18.9489498138428,54,9,4,1,1
0,0,21,191,191,45.1357841491699,38.8519706726074,35,1,0,0,0
1,0,17,174,174,31.5235214233398,31.739616394043,50,4,1,0,0
0,0,365,65,65,54.9433135986328,17.8374862670898,55,1,0,1,1
1,1,33,64,64,63.7783164978027,24.923189163208,19,4,0,1,1
1,0,303,8,8,44.873104095459,20.9117374420166,37,8,16,1,1
0,0,449,93,93,63.9069862365723,32.7736587524414,20,0,0,1,1
1,0,32,5,5,58.7147789001465,58.851146697998,8,5,1,1,1
0,0,365,62,62,43.607494354248,18.287805557251,51,4,0,1,1
1,1,41,187,187,55.4401473999023,60.5420837402344,7,1,0,0,0
1,0,32,93,93,52.0291786193848,37.6981964111328,49,4,0,1,1
1,1,349,184,4,31.1114673614502,13.8529958724976,54,0,8,1,0
0,0,393,1,1,58.152458190918,18.6152267456055,53,4,0,1,1
0,1,302,0,0,27.0908622741699,19.80832862854,53,3,0,1,1
1,0,364,1,1,57.5965118408203,57.8735389709473,6,8,1,1,1
0,1,365,5,5,41.9540061950684,9.40637683868408,54,4,13,1,1
0,0,9,178,178,37.8067245483398,39.963680267334,40,3,4,0,0
1,0,359,0,0,36.6459732055664,21.5993061065674,37,3,20,1,1
0,1,361,178,178,53.4221229553223,44.7672538757324,36,4,0,0,0
1,0,80,175,175,25.4368286132812,29.3320560455322,40,4,19,0,0
1,0,14,31,15,59.9145812988281,19.2918300628662,39,5,0,1,1
0,0,398,219,219,64.1829833984375,31.8562965393066,38,6,0,0,0
1,0,40,154,1,43.3934211730957,26.6985378265381,38,1,1,1,0
1,0,74,18,18,51.7066917419434,51.0037384033203,36,2,0,1,1
1,0,7,215,215,54.158618927002,44.2154846191406,26,6,0,0,0
1,0,361,125,125,63.3427047729492,30.9180431365967,16,5,0,1,1
1,0,9,5,5,38.1961784362793,17.8637409210205,46,0,0,1,1
0,0,350,3,2,57.4488906860352,48.4834327697754,24,5,2,1,1
0,0,365,1,1,64.0739288330078,27.5145015716553,25,5,0,1,1
0,1,296,219,35,56.69189453125,29.2130165100098,33,3,0,1,0
1,0,6,15,15,61.196647644043,36.0292053222656,31,3,0,1,1
0,0,363,31,31,57.0491943359375,32.3138427734375,21,4,0,1,1
0,0,152,32,32,54.066707611084,37.5047340393066,23,2,0,1,1
0,0,338,10,10,48.8148422241211,14.1087589263916,55,5,11,1,1
1,1,356,16,12,64.9186477661133,31.0776309967041,29,12,0,1,1
0,0,289,3,3,45.1806716918945,22.6732807159424,34,0,11,1,1
0,0,410,106,106,36.4936637878418,38.276969909668,23,3,0,1,1
0,0,362,24,3,14.074291229248,45.8596038818359,36,4,0,1,1
0,1,74,158,158,54.5239791870117,51.9225158691406,32,0,0,0,0
1,0,16,191,191,42.8697395324707,25.5444107055664,30,4,0,0,0
1,0,11,61,61,58.7484664916992,46.9675216674805,23,1,0,1,1
0,0,365,30,30,51.9216270446777,47.1332092285156,16,3,0,1,1
1,0,41,176,176,56.8667984008789,42.632926940918,27,4,0,0,0
1,1,449,268,268,33.5311050415039,24.9303531646729,52,2,0,0,0
0,0,370,210,210,59.7212791442871,51.8431930541992,11,5,0,0,0
0,1,393,1,1,49.1808433532715,25.7107772827148,41,9,0,1,1
0,0,365,0,0,44.220386505127,32.4846534729004,41,3,0,1,1
1,0,166,165,165,20.740291595459,43.4982223510742,37,4,1,0,0
0,0,89,2,2,54.9329566955566,18.7959308624268,31,2,0,1,1
1,0,418,2,2,47.580623626709,18.5259304046631,34,4,5,1,1
1,0,247,0,0,34.9089317321777,25.7382850646973,40,5,0,1,1
0,0,322,3,2,60.1145629882812,14.8916969299316,37,7,3,1,1
1,0,265,154,154,44.597282409668,41.360710144043,30,3,0,0,0
1,1,365,15,15,46.6987686157227,16.8635883331299,42,10,0,1,1
1,1,98,33,33,38.4018707275391,30.7015628814697,42,6,0,1,1
0,0,365,32,32,51.6944808959961,27.8015098571777,39,5,0,1,1
1,0,20,2,2,53.5402526855469,42.4571495056152,10,4,0,1,1
